,Title,published,views,likes,comments,Month
0,Max Verstappen's Pole Lap | 2023 Belgian Grand Prix | Pirelli,2023-07-28,559940,15918,1188,Jul
1,Christian Horner on Ricciardo‚Äôs Return: Hungarian GP Preview | F1 Nation Podcast,2023-07-18,265306,3689,420,Jul
2,Sainz and Perez's Intense Scrap for the Podium | 2023 Austrian Grand Prix,2023-07-02,284628,7775,695,Jul
3,Alonso and Hamilton's Mighty Battle! | 2023 Canadian Grand Prix,2023-06-18,450017,7879,912,Jun
4,FP3 Highlights | 2023 Spanish Grand Prix,2023-06-03,943381,19051,546,Jun
5,FP1 Highlights | 2023 Monaco Grand Prix,2023-05-26,2167483,44721,984,May
6,Sergio Perez's Pole Lap | 2023 Miami Grand Prix | Pirelli,2023-05-06,389354,11083,783,May
7,Gasly's Car Catches Fire in Baku üò© #Shorts,2023-04-28,337381,13198,185,Apr
8,Australia Grand Prix Build-Up and Drivers Parade,2023-04-02,191427,4492,117,Apr
9,'Fernando Deserves The Podium' Russell Reacts To Securing Third | 2023 Saudi Arabian Grand Prix,2023-03-19,703649,11163,1645,Mar
10,Max Verstappen's Pole Lap | 2023 Bahrain Grand Prix | Pirelli,2023-03-04,519077,13153,604,Mar
11,What To Watch For In Bahrain | F1 Pre-Season Testing,2023-02-21,1446472,33047,895,Feb
12,Alonso and Vettel's Crazy Battle To The Line | 2022 Japanese Grand Prix,2023-02-02,111810,5746,256,Feb
13,"üó£Ô∏è ""Daniiieeeeeeel... Ricciardoooooo!"" #Shorts",2022-12-16,555160,46806,203,Dec
14,"Double Podiums, Donuts And The Road To F1 | F2: 2022 Abu Dhabi Grand Prix",2022-11-23,105635,2433,55,Nov
15,Pacy Perez In The Pits | Fastest Pit Stop | 2022 Sao Paulo Grand Prix | DHL,2022-11-14,37930,1154,42,Nov
16,"Nicholas Latifi: Limits, Lessons & Leaving F1 | Beyond The Grid | F1 Official Podcast",2022-11-02,74687,2343,372,Nov
17,LIVE: United States Grand Prix Build-Up and Drivers Parade,2022-10-23,298549,6536,362,Oct
18,Race Highlights | 2022 Japanese Grand Prix,2022-10-09,8060319,160037,6267,Oct
19,Zhou Guanyu Stays With Alfa Romeo For 2023,2022-09-27,89686,4427,386,Sep
20,F3 Sprint Race Highlights | 2022 Italian Grand Prix,2022-09-10,261740,7734,202,Sep
21,Hamilton And Alonso's Collision | Jolyon Palmer's F1 TV Analysis | 2022 Belgian Grand Prix,2022-08-31,263725,5516,904,Aug
22,Peak Senna Or Peak Schumacher? Would You Rather With F1 Drivers!,2022-08-19,1753232,62979,2416,Aug
23,Formula 2 Sprint Race Highlights | 2022 Hungarian Grand Prix,2022-07-30,457899,10157,442,Jul
24,Top 5 Dramatic Moments | French Grand Prix,2022-07-19,937875,22999,495,Jul
25,Sebastian Vettel Drives Nigel Mansell's Iconic Williams | 2022 British Grand Prix,2022-07-05,815679,35043,1312,Jul
26,Drivers' Post-Qualifying Reaction | 2022 Canadian Grand Prix,2022-06-19,964594,27455,1208,Jun
27,Jacques Villeneuve's Incredible Career | Rise Of The Rookie | Aramco,2022-06-02,304919,9403,495,Jun
28,Race Highlights | 2022 Spanish Grand Prix,2022-05-22,7749192,142115,8001,May
29,Qualifying Highlights | 2022 Miami Grand Prix,2022-05-07,4625084,95998,3173,May
30,Good Lap Vs Great Lap With Verstappen and Perez | 2022 Emilia Romagna Grand Prix | Workday,2022-04-21,262118,8613,256,Apr
31,Will Buxton Going Wild On The F1 TV Grid Walk üòÖ #Shorts,2022-04-01,285096,11197,347,Apr
32,Drivers' Post-Race Reaction | 2022 Bahrain Grand Prix,2022-03-20,1580791,50488,1671,Mar
33,What We Learned On Day 1 In Bahrain | 2022 F1 Pre-Season Test Bahrain,2022-03-10,536382,12069,561,Mar
34,2022 Car Launches: AlphaTauri Unveil The AT03,2022-02-14,522595,16047,669,Feb
35,Oscar Piastri's Road To Glory | 2021 F2 Season,2021-12-20,539656,13496,674,Dec
36,Oscar Piastri Wins The Formula 2 Championship! | 2021 Abu Dhabi Grand Prix,2021-12-11,136382,4896,301,Dec
37,Weekend Warm-Up! 2021 Saudi Arabian Grand Prix,2021-12-02,628365,11814,1102,Dec
38,Guanyu Zhou's Best F2 Moments,2021-11-16,165550,4566,638,Nov
39,Valtteri Bottas' Onboard Pole Lap | 2021 Mexico City Grand Prix | Pirelli,2021-11-06,380942,12345,522,Nov
40,FP3 Highlights | 2021 United States Grand Prix,2021-10-23,671754,18395,628,Oct
41,Formula 3 2021 Season: Top 10 Moments,2021-10-06,168819,5375,140,Oct
42,Magnussen's Scorching Sochi Start #Shorts,2021-09-21,437408,14613,185,Sep
43,Formula 2 Mid-Season Review w/ Josh Revell,2021-09-09,290096,25399,1632,Sep
44,Alonso's Helmet Cam And The Top 10 Onboards | 2021 Belgian Grand Prix | Emirates,2021-08-31,973132,25677,797,Aug
45,Grill The Grid 2021 Finale: Name Every F1 World Champion,2021-08-06,12192530,340076,19412,Aug
46,Mick Schumacher Waves To His Engineer's Family #Shorts,2021-07-21,946313,32962,461,Jul
47,Norbert Haug On Bringing Mercedes Back Into F1 | Beyond The Grid | Official F1 Podcast,2021-07-07,40865,1028,114,Jul
48,FP3 Highlights | 2021 Styrian Grand Prix,2021-06-26,808456,23610,930,Jun
49,A Deep Dive Into Haas' Listed Parts | F1 TV Tech Talk | 2021 Azerbaijan Grand Prix,2021-06-11,212708,7020,335,Jun
50,Lewis Hamilton's Potentially Vital Fastest Lap | 2021 Monaco Grand Prix | DHL,2021-05-24,471962,9696,575,May
51,"Hamilton's Exciting Win, Gasly's Recovery And The Best Team Radio | 2021 Spanish Grand Prix",2021-05-10,996988,25767,1421,May
52,FP3 Highlights | 2021 Portuguese Grand Prix,2021-05-01,671297,20414,691,May
53,Lance Stroll's Crazy Pit Stop Drama! #Shorts,2021-04-13,790564,19268,474,Apr
54,FP1 Highlights | 2021 Bahrain Grand Prix,2021-03-26,2567606,55711,1927,Mar
55,LIVE F1 Pre-Season Testing | Day Three Morning,2021-03-14,410898,7610,265,Mar
56,AlphaTauri Reveal Their 2021 Car: The AT02,2021-02-19,501460,19371,852,Feb
57,Jolyon Palmer Reveals His 2020 Pre-Season Predictions,2020-12-28,191181,7037,375,Dec
58,Perez's Race-Winning Low-Drag Setup | F1 TV Tech Talk,2020-12-12,176661,6682,305,Dec
59,Romain Grosjean: What Happens Next?,2020-12-04,2350686,51159,1441,Dec
60,2020 Bahrain Grand Prix: Pre-Race Interviews,2020-11-26,135628,5487,375,Nov
61,2020 Turkish Grand Prix: FP2 Highlights,2020-11-13,1187066,34816,1060,Nov
62,Speed and Heartbreak: The Story of Imola In Formula 1,2020-10-30,736148,25003,1035,Oct
63,2020 Portuguese Grand Prix | Daniel Ricciardo's Circuit Guide,2020-10-21,546312,24186,930,Oct
64,F1 LIVE: 2020 Eifel Grand Prix - FP3 | No Commentary,2020-10-10,0,404,0,Oct
65,How Lewis Hamilton's Race Unravelled | 2020 Russian Grand Prix,2020-09-27,868578,14749,1528,Sep
66,Grand Prix de Toscane 2020: les meilleurs moments,2020-09-13,33959,1257,77,Sep
67,Pierre Gasly‚Äôs Stunning First F1 Win | 2020 Italian Grand Prix,2020-09-06,1060222,42941,2492,Sep
68,Formula 3 Race 2 Highlights | 2020 Belgian Grand Prix,2020-08-30,97763,2707,78,Aug
69,Lewis Hamilton's Journey To A Record-Breaking 156 F1 Podiums,2020-08-17,385476,17325,2152,Aug
70,Gran Premio del 70¬∫ Aniversario: mejores momentos,2020-08-09,7141,187,76,Aug
71,Gran Premio de Gran Breta√±a 2020: mejores momentos,2020-08-02,17854,351,94,Aug
72,F3 Race 2 Highlights | 2020 Hungarian Grand Prix,2020-07-19,207646,4087,217,Jul
73,2020 Styrian Grand Prix - Hoogtepunten,2020-07-12,15892,515,183,Jul
74,Lewis Hamilton and Alex Albon Crash | 2020 Austrian Grand Prix,2020-07-05,1386645,28452,6919,Jul
75,"Alex Zanardi - F1 Racer, Paralympic Champion & Inspiration | Beyond The Grid | F1 Official Podcast",2020-06-17,147899,1902,267,Jun
76,1984 Portuguese Grand Prix: Race Highlights | DHL F1 Classics,2020-05-21,101639,3388,197,May
77,Formula 1 Drivers Reveal Their Bucket List Items,2020-04-28,679581,23835,1372,Apr
78,F1 Bahrain Virtual Grand Prix! Full Race,2020-03-22,2187492,36402,1111,Mar
79,2020 Pre-Season Testing: Day 2 Highlights!,2020-02-20,1299883,26591,1352,Feb
80,2019 FIA Formula 3 Season Highlights,2019-12-15,408479,10734,421,Dec
81,"Rubens Barrichello On Records, Schumacher & Senna | Beyond The Grid | Official F1 Podcast",2019-11-27,310506,4308,490,Nov
82,F1 Paddock Pass: Post-Race At The 2019 United States Grand Prix,2019-11-04,277261,5222,704,Nov
83,Top 10 Moments In Ayrton Senna And Alain Prost's Rivalry,2019-10-22,2040951,40723,2225,Oct
84,F1: LIVE at the 2019 Russian Grand Prix!,2019-09-29,296996,4394,272,Sep
85,Top 5 Formula 2 Overtakes | 2019 Italian Grand Prix,2019-09-11,100379,3065,118,Sep
86,How Do F1 Drivers Explain F1?,2019-08-27,2962902,83192,3761,Aug
87,"Magic Max, Haas Anger And The Best Team Radio | 2019 German Grand Prix",2019-07-29,3723335,55164,2990,Jul
88,Ross Brawn On Brawn GP | Beyond The Grid | Official F1 Podcast,2019-07-10,85549,2162,188,Jul
89,Lewis Hamilton's Onboard Pole Lap | 2019 French Grand Prix | Pirelli,2019-06-22,598348,11306,837,Jun
90,Anthoine Hubert's Amazing Photo Finish Victory | 2019 Monaco Grand Prix,2019-05-27,578145,10273,552,May
91,2019 Spanish Grand Prix: Valtteri Bottas' Pole Lap | Pirelli,2019-05-11,509492,11680,969,May
92,Alexander Albon's China Fightback | 2019 Chinese Grand Prix,2019-04-15,1791929,36390,1541,Apr
93,2019 Bahrain Grand Prix: FP2 Highlights,2019-03-29,863781,16214,1124,Mar
94,"Test 2, Day 4 Highlights | F1 Testing 2019",2019-03-01,486480,12178,676,Mar
95,Michael Schumacher's Greatest Rivals: Damon Hill,2019-01-03,587335,13894,716,Jan
96,2018 Abu Dhabi Grand Prix: Qualifying Reaction,2018-11-24,192244,4120,441,Nov
97,Martin Brundle Escapes Four Car Pile-up  | 1994 Brazilian Grand Prix,2018-11-06,598141,9330,869,Nov
98,2018 United States Grand Prix: Qualifying Reaction,2018-10-21,184289,4548,545,Oct
99,F1 Paddock Pass: Post-Race At The 2018 Russian Grand Prix,2018-09-30,248541,3561,1062,Sep
100,5 Crazy Onboards | Singapore Grand Prix,2018-09-10,661840,12349,633,Sep
101,2018 Belgian Grand Prix: Press Conference Highlights,2018-08-23,216492,6253,704,Aug
102,How Hamilton Won in Hockenheim | 2018 German Grand Prix,2018-07-23,256636,5778,1218,Jul
103,Best Onboards | 2018 Austrian Grand Prix,2018-07-03,362694,6705,501,Jul
104,5 Crazy Onboards | French Grand Prix,2018-06-19,1287249,12811,586,Jun
105,Ayrton Senna: The Master of Monaco,2018-05-25,259401,10607,610,May
106,2018 Azerbaijan Grand Prix: Qualifying Highlights,2018-04-28,2470341,30693,1317,Apr
107,100 Races With Mercedes: Lewis Hamilton In Conversation With Toto Wolff,2018-04-08,178735,5025,449,Apr
108,F1 Testing 2018 Highlights: Day 4,2018-03-01,533998,8864,663,Mar
109,Vettel And Hamilton Clash In Baku | F1 Best Team Radio 2017,2017-12-11,56755,900,74,Dec
110,2017 Brazil Grand Prix: Best Of Team Radio,2017-11-13,1676451,25636,1073,Nov
111,Inside The F1 Drivers' Briefing | 2017 US Grand Prix,2017-10-23,2160677,29192,1453,Oct
112,Inside The F1 Driver Briefing | 2017 Malaysian Grand Prix,2017-10-02,3625643,49244,2189,Oct
113,2017 Italian Grand Prix: FP3 Highlights,2017-09-02,195122,4102,218,Sep
114,The 2017 F1 Season So Far: A Thrill A Minute,2017-08-04,260152,6616,435,Aug
115,2017 Austrian Grand Prix | Driver Reaction,2017-07-09,255225,3433,795,Jul
116,Inside the Monaco FIA Driver Briefing,2017-06-09,4889062,60337,2024,Jun
117,2017 Spanish Grand Prix: Pre-Race Press Conference Highlights,2017-05-11,94564,2434,207,May
118,Best Onboards 2017: Magnussen's Action-Packed First Lap | Chinese Grand Prix,2017-04-11,352362,5369,313,Apr
119,Night Racing | F1 is...Better Under Lights,2017-03-18,85270,2319,242,Mar
120,Grill The Grid - Sebastian Vettel,2016-12-16,1753886,27894,619,Dec
121,Drivers Face The Press | Japanese Grand Prix 2016,2016-10-06,68150,1190,232,Oct
122,Drivers Report Back After the Race | Hungarian Grand Prix 2016,2016-07-24,43036,888,273,Jul
123,F1 Classic Onboard: Senna On The Charge At The 1990 Monaco Grand Prix,2016-05-25,6769400,103802,5307,May
124,F1 Teams Unveil 2016 Cars At Winter Testing,2016-02-22,235065,3560,335,Feb
125,Russian Grand Prix 2014 Race Edit,2015-10-07,113014,1697,102,Oct
126,Jean Alesi's First And Only F1 Win | 1995 Canadian Grand Prix,2015-06-11,65730,923,68,Jun
127,Sebastian Vettel Spins But Wins 2012 Title | Brazilian Grand Prix 2012,2015-04-08,59716,0,0,Apr
128,F1¬Æ Rule Changes for the 2015 Season,2015-03-14,40471,0,0,Mar
